file,episode,removed_invented,still_absent_from_entry
season-01/s01e09-seascape.md,S01E09,Phthalo Blue,
season-02/s02e06-black-river.md,S02E06,Midnight Black,Alizarin Crimson; Black Gesso; Bright Red; Burnt Umber; Cadmium Yellow; Phthalo Blue; Phthalo Green
season-03/s03e01-mountain-retreat.md,S03E01,Bright Crimson; Midnight Black; Dark Sienna,Bright Red; Burnt Umber; Phthalo Blue; Phthalo Green
season-03/s03e02-blue-moon.md,S03E02,Ultramarine Blue; Midnight Black,Alizarin Crimson; Black Gesso; Bright Red; Burnt Umber; Indian Yellow; Phthalo Green; Sap Green; Van Dyke Brown; Yellow Ochre
season-03/s03e03-bubbling-stream.md,S03E03,Dark Sienna,Alizarin Crimson; Bright Red; Burnt Umber; Indian Yellow; Phthalo Blue; Phthalo Green
season-03/s03e04-winter-night.md,S03E04,Prussian Blue; Midnight Black; Sap Green,Bright Red; Liquid Black; Phthalo Green; Van Dyke Brown
season-03/s03e05-distant-hills.md,S03E05,Burnt Sienna; Bright Red; Dark Sienna,Burnt Umber; Cadmium Yellow; Sap Green
season-03/s03e06-covered-bridge.md,S03E06,Dark Sienna,Bright Red; Burnt Umber; Prussian Blue
season-03/s03e08-night-light.md,S03E08,Prussian Blue; Phthalo Blue; Midnight Black; Bright Red,Black Gesso; Burnt Umber; Phthalo Green; Van Dyke Brown
season-03/s03e09-the-old-mill.md,S03E09,Dark Sienna; Midnight Black,Bright Red; Burnt Umber; Phthalo Blue
season-03/s03e10-campfire.md,S03E10,Burnt Sienna; Midnight Black,Black Gesso; Burnt Umber; Indian Yellow
season-03/s03e11-rustic-barn.md,S03E11,Burnt Sienna; Midnight Black,Bright Red; Burnt Umber; Indian Yellow; Phthalo Blue; Phthalo Green
season-03/s03e13-peaceful-waters.md,S03E13,Ultramarine Blue,Phthalo Blue; Phthalo Green; Van Dyke Brown
season-04/s04e01-purple-splendor.md,S04E01,Prussian Blue; Midnight Black; Dark Sienna,Van Dyke Brown
season-04/s04e02-tranquil-valley.md,S04E02,Dioxazine Purple; Midnight Black; Prussian Blue,Black Gesso; Burnt Umber
season-04/s04e03-majestic-mountains.md,S04E03,Midnight Black; Dark Sienna,Bright Red; Burnt Umber; Indian Yellow; Phthalo Green
season-04/s04e04-winter-sawscape.md,S04E04,Van Dyke Brown; Phthalo Blue; Alizarin Crimson,Black Gesso; Bright Red; Cadmium Yellow
season-04/s04e05-evening-seascape.md,S04E05,Midnight Black; Indian Yellow; Yellow Ochre,Alizarin Crimson; Black Gesso; Bright Red; Cadmium Yellow
season-04/s04e06-warm-summer-day.md,S04E06,Bright Yellow; Phthalo Green; Dark Sienna,Alizarin Crimson; Bright Red; Burnt Umber; Cadmium Yellow; Phthalo Blue; Prussian Blue
season-04/s04e08-wetlands.md,S04E08,Dark Sienna; Phthalo Blue,Burnt Umber; Cadmium Yellow; Prussian Blue
season-04/s04e09-cool-waters.md,S04E09,Midnight Black,Burnt Umber
season-04/s04e10-quiet-woods.md,S04E10,Prussian Blue; Midnight Black; Dark Sienna,Burnt Umber; Phthalo Green
season-04/s04e11-northwest-majesty.md,S04E11,Yellow Ochre; Phthalo Blue; Dark Sienna; Midnight Black,Burnt Umber; Indian Yellow; Liquid Black
season-04/s04e12-autumn-days.md,S04E12,Bright Yellow; Dark Sienna; Burnt Sienna; Cadmium Orange,Alizarin Crimson; Black Gesso; Bright Red; Burnt Umber; Cadmium Yellow; Phthalo Green
season-05/s05e01-mountain-waterfall.md,S05E01,Prussian Blue; Midnight Black; Dark Sienna,Burnt Umber; Cadmium Yellow; Indian Yellow; Phthalo Green
season-05/s05e02-twilight-meadow.md,S05E02,Liquid White; Prussian Blue; Bright Green,Alizarin Crimson; Black Gesso; Bright Red; Indian Yellow; Phthalo Green
season-05/s05e03-mountain-blossoms.md,S05E03,Bright Red; Prussian Blue; Midnight Black; Van Dyke Brown; Dark Sienna; Sap Green; Yellow Ochre,Liquid Black; Phthalo Green
season-05/s05e04-winter-stillness.md,S05E04,Prussian Blue; Yellow Ochre; Bright Red; Dark Sienna; Midnight Black,Alizarin Crimson; Burnt Umber; Indian Yellow
season-05/s05e05-quiet-pond.md,S05E05,Liquid White; Prussian Blue; Vandyke Brown; Midnight Black,Alizarin Crimson; Bright Red; Burnt Umber; Indian Yellow; Phthalo Blue; Sap Green; Van Dyke Brown
season-05/s05e06-ocean-sunrise.md,S05E06,Cadmium Yellow; Bright Red; Phthalo Blue; Midnight Black,Indian Yellow; Liquid Black
season-05/s05e07-bubbling-brook.md,S05E07,Liquid White; Prussian Blue; Dark Sienna; Midnight Black,Alizarin Crimson; Bright Red; Burnt Umber; Indian Yellow
season-05/s05e08-arizona-splendor.md,S05E08,Prussian Blue; Midnight Black; Burnt Sienna,Burnt Umber; Indian Yellow; Phthalo Blue
season-05/s05e09-anatomy-of-a-wave.md,S05E09,Prussian Blue; Pthalo Green; Sap Green; Pthalo Blue; Bright Red (minimal); Indian Yellow (minimal),Alizarin Crimson; Cadmium Yellow; Liquid Clear; Phthalo Blue; Phthalo Green
season-05/s05e10-the-windmill.md,S05E10,Lavender; Burnt Sienna; Dark Sienna; Cadmium Yellow,Alizarin Crimson; Black Gesso; Burnt Umber; Phthalo Green; Sap Green; Yellow Ochre
season-05/s05e11-autumn-glory.md,S05E11,Bright Red; Yellow Ochre; Phthalo Blue; Dark Sienna,Burnt Umber
season-05/s05e12-indian-girl.md,S05E12,Cadmium Yellow; Yellow Ochre; Alizarin Crimson; Burnt Sienna; Van Dyke Brown; Dark Sienna; Midnight Black; Phthalo Blue,Burnt Umber; Prussian Blue
season-05/s05e13-meadow-stream.md,S05E13,Liquid White; Prussian Blue; Dark Sienna,Alizarin Crimson; Burnt Umber; Indian Yellow; Phthalo Green
season-06/s06e01-blue-river.md,S06E01,Dark Sienna,Black Gesso; Bright Red; Burnt Umber; Indian Yellow
season-06/s06e02-natures-edge.md,S06E02,Dark Sienna,Alizarin Crimson; Bright Red; Burnt Umber; Prussian Blue
season-06/s06e03-morning-mist.md,S06E03,Prussian Blue; Dark Sienna,Alizarin Crimson; Bright Red; Burnt Umber; Cadmium Yellow; Indian Yellow
season-06/s06e04-whispering-stream.md,S06E04,Dark Sienna,Alizarin Crimson; Bright Red; Burnt Umber; Phthalo Blue
season-06/s06e05-secluded-forest.md,S06E05,Prussian Blue; Midnight Black,Alizarin Crimson; Black Gesso; Bright Red; Burnt Umber; Cadmium Yellow; Indian Yellow; Yellow Ochre
season-06/s06e06-snow-trail.md,S06E06,Dark Sienna; Midnight Black; Prussian Blue; Sap Green,Burnt Umber; Cadmium Yellow; Phthalo Green
season-06/s06e07-arctic-beauty.md,S06E07,Prussian Blue; Midnight Black,Bright Red; Burnt Umber; Indian Yellow; Phthalo Green
season-06/s06e08-horizons-west.md,S06E08,Midnight Black; Phthalo Blue,Prussian Blue
season-06/s06e09-high-chateau.md,S06E09,Prussian Blue,Bright Red; Burnt Umber; Phthalo Green; Yellow Ochre
season-06/s06e10-country-life.md,S06E10,Phthalo Blue,Burnt Umber; Cadmium Yellow; Indian Yellow
season-06/s06e11-western-expanse.md,S06E11,Prussian Blue; Dark Sienna,Bright Red; Burnt Umber; Cadmium Yellow; Indian Yellow; Phthalo Green
season-06/s06e13-blaze-of-color.md,S06E13,Prussian Blue; Dark Sienna,Burnt Umber; Yellow Ochre
season-09/s09e01-winter-evergreens.md,S09E01,Cadmium Yellow; Sap Green,Bright Red; Midnight Black
season-09/s09e03-red-sunset.md,S09E03,Prussian Blue; Sap Green,Black Gesso; Phthalo Blue
season-09/s09e04-meadow-road.md,S09E04,Prussian Blue,Bright Red; Indian Yellow
season-09/s09e05-winter-oval.md,S09E05,Prussian Blue; Cadmium Yellow,Bright Red
season-09/s09e06-secluded-beach.md,S09E06,Phthalo Green,Black Gesso; Bright Red; Cadmium Yellow; Midnight Black; Yellow Ochre
season-09/s09e07-forest-hills.md,S09E07,Prussian Blue,Bright Red; Indian Yellow
season-09/s09e08-little-house-by-the-road.md,S09E08,Prussian Blue,Indian Yellow; Midnight Black; Phthalo Blue
season-09/s09e09-mountain-path.md,S09E09,Prussian Blue; Phthalo Green,Bright Red; Indian Yellow; Midnight Black
season-09/s09e10-country-charm.md,S09E10,Prussian Blue,Bright Red; Dark Sienna; Midnight Black
season-09/s09e11-natures-paradise.md,S09E11,Prussian Blue,Bright Red; Dark Sienna
season-09/s09e13-mountain-hideaway.md,S09E13,Prussian Blue,Black Gesso; Bright Red
season-10/s10e02-cabin-at-sunset.md,S10E02,Phthalo Green,Cadmium Yellow; Dark Sienna; Prussian Blue
season-10/s10e04-secluded-bridge.md,S10E04,Phthalo Green,Bright Red; Cadmium Yellow; Indian Yellow; Phthalo Blue
season-10/s10e06-autumn-woods.md,S10E06,Burnt Sienna,Alizarin Crimson; Cadmium Yellow; Dark Sienna; Indian Yellow; Phthalo Blue
season-10/s10e07-winter-solitude.md,S10E07,Prussian Blue; Burnt Umber,Dark Sienna; Midnight Black
season-10/s10e08-golden-sunset.md,S10E08,Prussian Blue; Burnt Umber,Black Gesso; Phthalo Blue
season-10/s10e09-mountain-oval.md,S10E09,Alizarin Crimson,Bright Red; Cadmium Yellow; Dark Sienna; Indian Yellow
season-10/s10e12-winter-frost.md,S10E12,Indian Yellow,Bright Red; Dark Sienna
season-10/s10e13-lakeside-cabin.md,S10E13,Liquid Black; Liquid White,Bright Red; Dark Sienna; Indian Yellow; Phthalo Blue
season-11/s11e01-mountain-stream.md,S11E01,Phthalo Green,Bright Red; Cadmium Yellow; Dark Sienna; Indian Yellow
season-11/s11e02-country-cabin.md,S11E02,Phthalo Blue; Sap Green,Bright Red
season-11/s11e03-daisy-delight.md,S11E03,Prussian Blue,Alizarin Crimson; Cadmium Yellow; Liquid Clear
season-11/s11e04-hidden-stream.md,S11E04,Phthalo Green,Alizarin Crimson; Bright Red; Cadmium Yellow; Indian Yellow
season-11/s11e05-towering-glacier.md,S11E05,Phthalo Blue,Alizarin Crimson; Black Gesso; Bright Red; Cadmium Yellow; Dark Sienna
season-11/s11e06-oval-barn.md,S11E06,Alizarin Crimson; Phthalo Blue; Liquid White,Bright Red
season-11/s11e07-lakeside-path.md,S11E07,Liquid White,Bright Red; Indian Yellow
season-11/s11e08-sunset-oval.md,S11E08,Prussian Blue; Liquid White,Cadmium Yellow
season-11/s11e09-winter-barn.md,S11E09,Prussian Blue; Sap Green; Yellow Ochre; Liquid White,
season-11/s11e11-golden-glow.md,S11E11,Alizarin Crimson; Midnight Black; Phthalo Blue; Liquid White,Liquid Clear
season-11/s11e12-roadside-barn.md,S11E12,Phthalo Blue,
season-11/s11e13-happy-accident.md,S11E13,Phthalo Blue,
season-12/s12e01-golden-knoll.md,S12E01,Alizarin Crimson; Prussian Blue; Sap Green; Liquid White,Indian Yellow
season-12/s12e02-mountain-reflections.md,S12E02,Liquid White,Bright Red; Dark Sienna
season-12/s12e03-secluded-mountain.md,S12E03,Liquid White,Bright Red; Cadmium Yellow; Indian Yellow
season-12/s12e04-bright-autumn-trees.md,S12E04,Phthalo Blue,Alizarin Crimson; Bright Red; Liquid Black
season-12/s12e05-black-seascape.md,S12E05,Prussian Blue; Liquid Black,Black Gesso; Bright Red; Cadmium Yellow; Dark Sienna; Phthalo Green
season-12/s12e06-steep-mountains.md,S12E06,Liquid White,Bright Red; Phthalo Blue
season-12/s12e07-quiet-mountains-river.md,S12E07,Liquid White,Bright Red; Dark Sienna
season-12/s12e11-soft-mountain-glow.md,S12E11,Phthalo Green,Bright Red; Cadmium Yellow; Yellow Ochre
season-12/s12e12-mountain-in-an-oval.md,S12E12,Prussian Blue,Bright Red; Cadmium Yellow; Dark Sienna; Indian Yellow
season-12/s12e13-winter-mountain.md,S12E13,Phthalo Green; Liquid White,Bright Red
season-13/s13e04-evening-at-sunset.md,S13E04,Prussian Blue,Black Gesso
season-13/s13e05-mountain-view.md,S13E05,Prussian Blue,Bright Red
season-13/s13e06-hidden-creek.md,S13E06,Prussian Blue,Black Gesso
season-13/s13e08-mountain-exhibition.md,S13E08,Prussian Blue,Alizarin Crimson
season-13/s13e09-emerald-waters.md,S13E09,Phthalo Blue; Phthalo Green,Black Gesso; Yellow Ochre
season-13/s13e11-cabin-hideaway.md,S13E11,Sap Green,Alizarin Crimson
season-13/s13e12-oval-essence.md,S13E12,Indian Yellow; Prussian Blue; Sap Green,Alizarin Crimson; Black Gesso; Phthalo Green
season-14/s14e04-snowy-solitude.md,S14E04,Prussian Blue,Alizarin Crimson; Yellow Ochre
season-14/s14e08-on-a-clear-day.md,S14E08,Sap Green,Bright Red; Dark Sienna; Yellow Ochre
season-14/s14e11-shadow-pond.md,S14E11,Phthalo Green,Alizarin Crimson; Black Gesso; Bright Red; Dark Sienna; Indian Yellow; Phthalo Blue
season-14/s14e12-misty-forest-oval.md,S14E12,Prussian Blue; Phthalo Green,Alizarin Crimson; Black Gesso; Bright Red; Cadmium Yellow; Indian Yellow
season-15/s15e01-splendor-of-winter.md,S15E01,Indian Yellow; Sap Green,Bright Red; Cadmium Yellow
season-15/s15e02-colors-of-nature.md,S15E02,Phthalo Green,Bright Red; Dark Sienna; Indian Yellow
season-15/s15e03-grandpas-barn.md,S15E03,Phthalo Green,Bright Red
season-15/s15e04-peaceful-reflections.md,S15E04,Liquid White,Alizarin Crimson; Bright Red; Dark Sienna; Yellow Ochre
season-15/s15e07-cabin-by-the-pond.md,S15E07,Liquid White,Bright Red; Dark Sienna
season-15/s15e09-christmas-eve-snow.md,S15E09,Indian Yellow; Sap Green,Black Gesso
season-15/s15e10-forest-down-oval.md,S15E10,Prussian Blue,Black Gesso; Bright Red; Dark Sienna; Indian Yellow
season-15/s15e11-pathway-to-autumn.md,S15E11,Liquid White,Alizarin Crimson; Indian Yellow; Prussian Blue
season-15/s15e12-deep-forest-lake.md,S15E12,Phthalo Green,Black Gesso; Bright Red; Cadmium Yellow
season-15/s15e13-peaks-of-majesty.md,S15E13,Phthalo Green; Liquid White; Liquid Clear,Cadmium Yellow; Indian Yellow
season-16/s16e01-two-seasons.md,S16E01,Liquid White; Liquid Clear,Bright Red; Cadmium Yellow; Indian Yellow; Phthalo Green
season-16/s16e02-nestled-cabin.md,S16E02,Prussian Blue; Phthalo Green; Liquid White,Alizarin Crimson; Black Gesso; Bright Red; Dark Sienna; Yellow Ochre
season-16/s16e04-mountain-mirage-wood-shape.md,S16E04,Liquid White,Cadmium Yellow; Yellow Ochre
season-16/s16e05-double-oval-fantasy.md,S16E05,Liquid White,Alizarin Crimson; Bright Red; Dark Sienna; Indian Yellow; Phthalo Green
season-16/s16e06-contemplative-lady.md,S16E06,Alizarin Crimson; Cadmium Yellow; Dark Sienna; Indian Yellow; Titanium White; Yellow Ochre; Liquid White,
season-16/s16e07-deep-woods.md,S16E07,Phthalo Green; Prussian Blue; Liquid White,Bright Red; Phthalo Blue
season-16/s16e09-barn-in-snow-oval.md,S16E09,Prussian Blue; Sap Green; Liquid White,
season-16/s16e10-that-time-of-year.md,S16E10,Dark Sienna; Phthalo Green; Prussian Blue; Yellow Ochre; Liquid White,Bright Red; Indian Yellow
season-16/s16e11-waterfall-wonder.md,S16E11,Prussian Blue; Phthalo Green; Liquid White,Alizarin Crimson; Black Gesso; Cadmium Yellow; Indian Yellow
season-16/s16e12-mighty-mountain-lake.md,S16E12,Phthalo Blue; Liquid White,Bright Red; Cadmium Yellow; Indian Yellow
season-16/s16e13-wooded-stream-oval.md,S16E13,Prussian Blue; Liquid White,Alizarin Crimson; Black Gesso; Bright Red; Indian Yellow
season-17/s17e01-golden-mist-oval.md,S17E01,Indian Yellow; Prussian Blue; Sap Green; Phthalo Green; Liquid White,Bright Red
season-17/s17e02-the-old-home-place.md,S17E02,Liquid White,Bright Red; Indian Yellow
season-17/s17e03-soothing-vista.md,S17E03,Liquid White,Black Gesso; Bright Red; Dark Sienna; Yellow Ochre
season-17/s17e04-stormy-seas.md,S17E04,Prussian Blue; Indian Yellow; Liquid White,Black Gesso; Bright Red; Dark Sienna
season-17/s17e05-country-time.md,S17E05,Liquid White,Bright Red; Indian Yellow; Liquid Clear; Phthalo Blue
season-17/s17e06-a-mild-winters-day.md,S17E06,Liquid White,Bright Red
season-17/s17e08-view-from-the-park.md,S17E08,Liquid White,Alizarin Crimson; Bright Red
season-17/s17e09-lake-view.md,S17E09,Liquid White,Alizarin Crimson; Bright Red; Indian Yellow
season-17/s17e10-old-country-mill.md,S17E10,Prussian Blue,Phthalo Blue
season-17/s17e13-mountain-beauty.md,S17E13,Prussian Blue; Phthalo Green; Liquid White,Bright Red; Dark Sienna
season-18/s18e01-half-oval-vignette.md,S18E01,Phthalo Green,Bright Red; Dark Sienna
season-18/s18e02-absolutely-autumn.md,S18E02,Prussian Blue,
season-18/s18e03-mountain-seclusion.md,S18E03,Sap Green,Black Gesso; Cadmium Yellow; Liquid Clear
season-18/s18e09-seascape-fantasy.md,S18E09,Phthalo Green; Prussian Blue,Black Gesso; Dark Sienna; Van Dyke Brown; Yellow Ochre
season-18/s18e10-double-oval-stream.md,S18E10,Phthalo Green,Alizarin Crimson; Bright Red; Cadmium Yellow; Indian Yellow; Liquid Black
season-18/s18e11-enchanted-forest.md,S18E11,Prussian Blue,Black Gesso; Bright Red; Dark Sienna; Yellow Ochre
season-18/s18e12-southwest-serenity.md,S18E12,Indian Yellow; Prussian Blue,Bright Red; Dark Sienna
season-18/s18e13-rippling-waters.md,S18E13,Phthalo Green,Bright Red; Liquid Black
season-19/s19e01-snowfall-magic.md,S19E01,Prussian Blue,Alizarin Crimson; Bright Red; Midnight Black
season-19/s19e04-snowy-morn.md,S19E04,Indian Yellow; Sap Green,Alizarin Crimson; Yellow Ochre
season-19/s19e05-campers-haven.md,S19E05,Phthalo Green,Dark Sienna; Yellow Ochre
season-19/s19e06-waterfall-in-the-woods.md,S19E06,Phthalo Green,Alizarin Crimson; Black Gesso; Bright Red; Cadmium Yellow; Dark Sienna; Indian Yellow; Liquid Clear; Yellow Ochre
season-19/s19e07-covered-bridge-oval.md,S19E07,Sap Green,Bright Red
season-19/s19e09-ebb-tide.md,S19E09,Indian Yellow; Prussian Blue,Bright Red; Dark Sienna; Liquid Clear; Midnight Black; Van Dyke Brown; Yellow Ochre
season-19/s19e10-after-the-rain.md,S19E10,Prussian Blue; Phthalo Green,Alizarin Crimson; Black Gesso; Bright Red; Cadmium Yellow; Indian Yellow
season-19/s19e11-winter-elegance.md,S19E11,Indian Yellow; Prussian Blue,Alizarin Crimson; Yellow Ochre
season-23/s23e01-frosty-winter-morn.md,S23E01,Dark Sienna,Cadmium Yellow; Sap Green
season-23/s23e02-forest-edge.md,S23E02,Phthalo Green,Alizarin Crimson; Black Gesso; Bright Red; Prussian Blue
season-23/s23e04-reflections-of-gold.md,S23E04,Sap Green,Bright Red
season-23/s23e05-quiet-cove.md,S23E05,Phthalo Green,Bright Red; Dark Sienna; Indian Yellow
season-23/s23e06-rivers-peace.md,S23E06,Phthalo Green,Black Gesso; Bright Red; Phthalo Blue
season-23/s23e07-at-dawns-light.md,S23E07,Indian Yellow; Phthalo Blue,Bright Red; Yellow Ochre
season-23/s23e11-frozen-beauty-in-vignette.md,S23E11,Alizarin Crimson,Bright Red; Phthalo Green; Yellow Ochre
season-23/s23e13-winter-bliss.md,S23E13,Phthalo Green,Dark Sienna
season-24/s24e03-teton-winter.md,S24E03,Dark Sienna; Van Dyke Brown,
season-24/s24e04-little-home-in-the-meadow.md,S24E04,Dark Sienna; Phthalo Green; Van Dyke Brown,Black Gesso; Bright Red; Cadmium Yellow; Liquid Clear
season-24/s24e05-a-pretty-autumn-day.md,S24E05,Dark Sienna; Van Dyke Brown,Black Gesso; Indian Yellow; Liquid Clear
season-24/s24e07-back-country-path.md,S24E07,Phthalo Green; Dark Sienna; Van Dyke Brown,Black Gesso; Bright Red; Indian Yellow
season-24/s24e09-icy-lake.md,S24E09,Phthalo Blue,Bright Red; Cadmium Yellow; Indian Yellow; Sap Green; Yellow Ochre
season-24/s24e10-rowboat-on-the-beach.md,S24E10,Dark Sienna; Indian Yellow; Prussian Blue; Van Dyke Brown,Alizarin Crimson
season-24/s24e11-portrait-of-winter.md,S24E11,Van Dyke Brown; Dark Sienna,
season-24/s24e13-snowbound-cabin.md,S24E13,Dark Sienna; Van Dyke Brown; Yellow Ochre,Black Gesso; Liquid Clear
season-26/s26e01-in-the-stillness-of-morning.md,S26E01,Phthalo Blue; Phthalo Green,Alizarin Crimson; Dark Sienna; Indian Yellow
season-26/s26e02-delightful-meadow-home.md,S26E02,Dark Sienna; Phthalo Green; Van Dyke Brown,Bright Red; Indian Yellow
season-26/s26e06-an-arctic-winter-day.md,S26E06,Phthalo Blue,Alizarin Crimson; Dark Sienna
season-26/s26e07-snow-birch.md,S26E07,Midnight Black; Van Dyke Brown; Yellow Ochre,Black Gesso; Indian Yellow
season-26/s26e09-tranquil-wooded-stream.md,S26E09,Phthalo Green; Prussian Blue,Alizarin Crimson; Black Gesso; Bright Red; Dark Sienna; Phthalo Blue
season-26/s26e11-storms-a-comin.md,S26E11,Prussian Blue,Alizarin Crimson; Black Gesso; Bright Red; Cadmium Yellow; Van Dyke Brown
season-26/s26e13-evening-at-the-falls.md,S26E13,Phthalo Blue; Van Dyke Brown,Black Gesso; Cadmium Yellow; Liquid Clear; Sap Green
season-27/s27e01-twilight-beauty.md,S27E01,Prussian Blue,Black Gesso; Bright Red; Dark Sienna; Liquid Clear; Van Dyke Brown
season-27/s27e03-rustic-winter-woods.md,S27E03,Van Dyke Brown; Dark Sienna; Yellow Ochre,Alizarin Crimson
season-27/s27e05-winter-at-the-farm.md,S27E05,Phthalo Blue,Liquid Clear
season-27/s27e06-daisies-at-dawn.md,S27E06,Dark Sienna; Van Dyke Brown,Alizarin Crimson; Bright Red
season-27/s27e07-a-spectacular-view.md,S27E07,Phthalo Blue; Phthalo Green,Alizarin Crimson; Bright Red
season-27/s27e08-daybreak.md,S27E08,Indian Yellow; Phthalo Blue; Yellow Ochre,
season-27/s27e09-island-paradise.md,S27E09,Prussian Blue,Bright Red; Dark Sienna; Liquid Clear
season-27/s27e10-sunlight-in-the-shadows.md,S27E10,Cadmium Yellow; Indian Yellow; Dark Sienna; Sap Green,Alizarin Crimson; Black Gesso; Liquid Clear
season-27/s27e11-splendor-of-a-snowy-winter.md,S27E11,Indian Yellow; Yellow Ochre,Liquid Black; Liquid Clear
season-27/s27e13-golden-glow-of-morning.md,S27E13,Prussian Blue; Van Dyke Brown; Dark Sienna,Bright Red; Sap Green; Yellow Ochre
season-28/s28e02-a-warm-winter.md,S28E02,Dark Sienna; Indian Yellow; Van Dyke Brown,Cadmium Yellow; Sap Green
season-28/s28e03-under-pastel-skies.md,S28E03,Phthalo Green,Bright Red; Dark Sienna; Yellow Ochre
season-28/s28e05-the-magic-of-fall.md,S28E05,Dark Sienna; Van Dyke Brown,Alizarin Crimson; Liquid Clear; Sap Green
season-28/s28e07-the-old-weathered-barn.md,S28E07,Dark Sienna; Van Dyke Brown,Phthalo Blue
season-28/s28e10-splendor-of-autumn.md,S28E10,Prussian Blue,
season-28/s28e11-tranquil-seas.md,S28E11,Dark Sienna; Prussian Blue; Van Dyke Brown,Black Gesso; Bright Red; Sap Green
season-28/s28e13-home-before-nightfall.md,S28E13,Prussian Blue; Van Dyke Brown,
season-29/s29e02-autumn-oval.md,S29E02,Prussian Blue,Bright Red
season-29/s29e03-seasonal-progression.md,S29E03,Liquid Clear; Liquid White,Bright Red; Dark Sienna; Indian Yellow; Phthalo Green; Yellow Ochre
season-29/s29e04-light-at-the-summit.md,S29E04,Phthalo Green,Black Gesso; Bright Red; Cadmium Yellow; Indian Yellow; Liquid Clear
season-29/s29e05-countryside-barn.md,S29E05,Phthalo Green,Alizarin Crimson; Bright Red; Cadmium Yellow; Indian Yellow
season-29/s29e06-mountain-lake-falls.md,S29E06,Yellow Ochre,Cadmium Yellow; Phthalo Green
season-29/s29e08-trappers-cabin.md,S29E08,Phthalo Green,Yellow Ochre
season-29/s29e09-storm-on-the-horizon.md,S29E09,Cadmium Yellow; Prussian Blue,Bright Red; Dark Sienna
season-29/s29e10-pot-o-posies.md,S29E10,Cadmium Yellow; Dark Sienna; Phthalo Green; Titanium White; Yellow Ochre,Black Gesso; Prussian Blue
season-29/s29e11-a-perfect-winter-day.md,S29E11,Yellow Ochre,
season-29/s29e13-woodmans-retreat.md,S29E13,Phthalo Green,Bright Red; Indian Yellow
season-30/s30e01-babbling-brook.md,S30E01,Prussian Blue,Black Gesso; Bright Red; Cadmium Yellow; Indian Yellow
season-30/s30e03-winters-peace.md,S30E03,Cadmium Yellow; Sap Green,Bright Red; Yellow Ochre
season-30/s30e04-wilderness-trail.md,S30E04,Phthalo Blue; Phthalo Green,Alizarin Crimson; Black Gesso; Bright Red; Cadmium Yellow; Indian Yellow; Liquid Clear; Yellow Ochre
season-30/s30e06-misty-foothills.md,S30E06,Phthalo Blue,Cadmium Yellow; Indian Yellow
season-30/s30e07-through-the-window.md,S30E07,Phthalo Green,Alizarin Crimson; Dark Sienna
season-30/s30e10-seaside-harmony.md,S30E10,Phthalo Green; Yellow Ochre,Black Gesso; Cadmium Yellow; Dark Sienna; Indian Yellow; Liquid Clear; Sap Green
season-30/s30e12-evenings-glow.md,S30E12,Phthalo Blue; Prussian Blue,Bright Red; Yellow Ochre
season-30/s30e13-blue-ridge-falls.md,S30E13,Phthalo Green,Alizarin Crimson; Black Gesso; Cadmium Yellow; Indian Yellow
season-31/s31e02-before-the-snowfall.md,S31E02,Sap Green,Alizarin Crimson
season-31/s31e03-winding-stream.md,S31E03,Phthalo Green,Alizarin Crimson; Bright Red; Cadmium Yellow; Indian Yellow; Liquid Black; Yellow Ochre
season-31/s31e04-tranquility-cove.md,S31E04,Prussian Blue,Bright Red; Phthalo Blue; Sap Green
season-31/s31e08-trails-end.md,S31E08,Cadmium Yellow; Prussian Blue,Black Gesso; Liquid Clear
season-31/s31e10-balmy-beach.md,S31E10,Prussian Blue,Black Gesso; Liquid Clear; Yellow Ochre
season-31/s31e11-lake-at-the-ridge.md,S31E11,Phthalo Green,Alizarin Crimson; Bright Red; Cadmium Yellow; Midnight Black
season-31/s31e12-in-the-midst-of-winter.md,S31E12,Sap Green,
season-31/s31e13-wilderness-day.md,S31E13,Prussian Blue; Phthalo Green,Black Gesso; Bright Red; Indian Yellow
