file,episode,csv_ground,reason
season-02/s02e06-black-river.md,S02E06,Black Gesso,dark ground implied but Black Gesso never named
season-03/s03e04-winter-night.md,S03E04,Liquid Black,dark ground implied but Liquid Black never named
season-04/s04e02-tranquil-valley.md,S04E02,Black Gesso,no ground stated
season-04/s04e04-winter-sawscape.md,S04E04,Black Gesso,no ground stated
season-04/s04e05-evening-seascape.md,S04E05,Black Gesso,dark ground implied but Black Gesso never named
season-04/s04e11-northwest-majesty.md,S04E11,Liquid Black,no ground stated
season-04/s04e12-autumn-days.md,S04E12,Black Gesso,asserts a Liquid White ground
season-05/s05e02-twilight-meadow.md,S05E02,Black Gesso,asserts a Liquid White ground
season-05/s05e03-mountain-blossoms.md,S05E03,Liquid Black,no ground stated
season-05/s05e06-ocean-sunrise.md,S05E06,Liquid Black,dark ground implied but Liquid Black never named
season-05/s05e10-the-windmill.md,S05E10,Black Gesso,no ground stated
season-06/s06e01-blue-river.md,S06E01,Black Gesso,dark ground implied but Black Gesso never named
season-06/s06e12-marshlands.md,S06E12,Black Gesso,dark ground implied but Black Gesso never named
season-07/s07e13-dark-waterfall.md,S07E13,Liquid Black,dark ground implied but Liquid Black never named
season-08/s08e10-cactus-at-sunset.md,S08E10,Black Gesso,dark ground implied but Black Gesso never named
season-08/s08e13-northern-lights.md,S08E13,Black Gesso,dark ground implied but Black Gesso never named
season-09/s09e06-secluded-beach.md,S09E06,Black Gesso,no ground stated
season-09/s09e13-mountain-hideaway.md,S09E13,Black Gesso,dark ground implied but Black Gesso never named
season-10/s10e05-ocean-breeze.md,S10E05,Black Gesso,asserts a Liquid White ground
season-10/s10e08-golden-sunset.md,S10E08,Black Gesso,asserts a Liquid White ground
season-11/s11e05-towering-glacier.md,S11E05,Black Gesso,asserts a Liquid White ground
season-12/s12e04-bright-autumn-trees.md,S12E04,Liquid Black,asserts a Liquid White ground
season-13/s13e04-evening-at-sunset.md,S13E04,Black Gesso,asserts a Liquid White ground
season-13/s13e06-hidden-creek.md,S13E06,Black Gesso,dark ground implied but Black Gesso never named
season-13/s13e09-emerald-waters.md,S13E09,Black Gesso,asserts a Liquid White ground
season-14/s14e03-mountain-moonlight-oval.md,S14E03,Black Gesso,dark ground implied but Black Gesso never named
season-14/s14e07-windy-waves.md,S14E07,Liquid Black,no ground stated
season-14/s14e11-shadow-pond.md,S14E11,Black Gesso,asserts a Liquid White ground
season-15/s15e05-hidden-winter-moon-oval.md,S15E05,Black Gesso,dark ground implied but Black Gesso never named
season-15/s15e09-christmas-eve-snow.md,S15E09,Black Gesso,asserts a Liquid White ground
season-15/s15e10-forest-down-oval.md,S15E10,Black Gesso,asserts a Liquid White ground
season-15/s15e12-deep-forest-lake.md,S15E12,Black Gesso,dark ground implied but Black Gesso never named
season-16/s16e02-nestled-cabin.md,S16E02,Black Gesso,asserts a Liquid White ground
season-16/s16e11-waterfall-wonder.md,S16E11,Black Gesso,asserts a Liquid White ground
season-16/s16e13-wooded-stream-oval.md,S16E13,Black Gesso,asserts a Liquid White ground
season-17/s17e03-soothing-vista.md,S17E03,Black Gesso,asserts a Liquid White ground
season-17/s17e04-stormy-seas.md,S17E04,Black Gesso,asserts a Liquid White ground
season-18/s18e03-mountain-seclusion.md,S18E03,Black Gesso,dark ground implied but Black Gesso never named
season-18/s18e04-crimson-oval.md,S18E04,Black Gesso,asserts a Liquid White ground
season-18/s18e10-double-oval-stream.md,S18E10,Liquid Black,dark ground implied but Liquid Black never named
season-19/s19e03-final-embers-of-sunlight.md,S19E03,Black Gesso,dark ground implied but Black Gesso never named
season-19/s19e08-scenic-seclusion.md,S19E08,Liquid Black,asserts a Liquid White ground
season-19/s19e10-after-the-rain.md,S19E10,Black Gesso,dark ground implied but Black Gesso never named
season-20/s20e02-new-days-dawn.md,S20E02,Liquid Black,no ground stated
season-23/s23e02-forest-edge.md,S23E02,Black Gesso,no ground stated
season-23/s23e06-rivers-peace.md,S23E06,Black Gesso,dark ground implied but Black Gesso never named
season-23/s23e08-valley-waterfall.md,S23E08,Black Gesso,dark ground implied but Black Gesso never named
season-23/s23e10-falls-in-the-glen.md,S23E10,Black Gesso,dark ground implied but Black Gesso never named
season-24/s24e02-wayside-pond.md,S24E02,Black Gesso,dark ground implied but Black Gesso never named
season-24/s24e04-little-home-in-the-meadow.md,S24E04,Black Gesso,asserts a Liquid White ground
season-24/s24e05-a-pretty-autumn-day.md,S24E05,Black Gesso,asserts a Liquid White ground
season-24/s24e07-back-country-path.md,S24E07,Black Gesso,asserts a Liquid White ground
season-24/s24e08-graceful-waterfall.md,S24E08,Black Gesso,dark ground implied but Black Gesso never named
season-26/s26e04-lake-in-the-valley.md,S26E04,Black Gesso,no ground stated
season-26/s26e07-snow-birch.md,S26E07,Black Gesso,dark ground implied but Black Gesso never named
season-26/s26e09-tranquil-wooded-stream.md,S26E09,Black Gesso,dark ground implied but Black Gesso never named
season-26/s26e11-storms-a-comin.md,S26E11,Black Gesso,dark ground implied but Black Gesso never named
season-26/s26e13-evening-at-the-falls.md,S26E13,Black Gesso,dark ground implied but Black Gesso never named
season-27/s27e02-anglers-haven.md,S27E02,Liquid Black,dark ground implied but Liquid Black never named
season-27/s27e10-sunlight-in-the-shadows.md,S27E10,Black Gesso,dark ground implied but Black Gesso never named
season-27/s27e11-splendor-of-a-snowy-winter.md,S27E11,Liquid Black,asserts a Liquid White ground
season-27/s27e12-forest-river.md,S27E12,Black Gesso,no ground stated
season-28/s28e04-golden-rays-of-sunshine.md,S28E04,Black Gesso,no ground stated
season-28/s28e08-deep-forest-falls.md,S28E08,Black Gesso,dark ground implied but Black Gesso never named
season-28/s28e11-tranquil-seas.md,S28E11,Black Gesso,asserts a Liquid White ground
season-29/s29e04-light-at-the-summit.md,S29E04,Black Gesso,asserts a Liquid White ground
season-29/s29e07-cypress-creek.md,S29E07,Black Gesso,asserts a Liquid White ground
season-30/s30e01-babbling-brook.md,S30E01,Black Gesso,asserts a Liquid White ground
season-30/s30e04-wilderness-trail.md,S30E04,Black Gesso,asserts a Liquid White ground
season-30/s30e10-seaside-harmony.md,S30E10,Black Gesso,asserts a Liquid White ground
season-30/s30e13-blue-ridge-falls.md,S30E13,Black Gesso,asserts a Liquid White ground
season-31/s31e03-winding-stream.md,S31E03,Liquid Black,asserts a Liquid White ground
season-31/s31e05-cabin-in-the-hollow.md,S31E05,Black Gesso,dark ground implied but Black Gesso never named
season-31/s31e08-trails-end.md,S31E08,Black Gesso,dark ground implied but Black Gesso never named
season-31/s31e09-evergreen-valley.md,S31E09,Liquid Black,asserts a Liquid White ground
season-31/s31e13-wilderness-day.md,S31E13,Black Gesso,dark ground implied but Black Gesso never named
